{"cameraMode":{"drawMode":0,"name":"Shaded","section":"Shading Mode"},"sceneLighting":false,"audioPlay":false,"sceneViewState":{"showFog":true,"showMaterialUpdate":false,"showSkybox":true,"showFlares":true,"showImageEffects":true,"showParticleSystems":true},"in2DMode":false,"pivot":{"x":0.30230093002319338,"y":4.139499187469482,"z":-0.07416915893554688},"rotation":{"x":0.009329099208116532,"y":0.9722955226898193,"z":-0.03939953073859215,"w":0.23022212088108064},"size":34.43776321411133,"orthographic":false}