{"cameraMode":{"drawMode":0,"name":"Shaded","section":"Shading Mode"},"sceneLighting":false,"audioPlay":false,"sceneViewState":{"showFog":true,"showMaterialUpdate":false,"showSkybox":true,"showFlares":true,"showImageEffects":true,"showParticleSystems":true},"in2DMode":false,"pivot":{"x":6.3668317794799809,"y":1.9337215423583985,"z":0.7223814725875855},"rotation":{"x":-0.04868445172905922,"y":0.69052654504776,"z":-0.0466814748942852,"w":-0.7201554179191589},"size":4.507369518280029,"orthographic":false}