{"cameraMode":{"drawMode":0,"name":"Shaded","section":"Shading Mode"},"sceneLighting":false,"audioPlay":false,"sceneViewState":{"showFog":true,"showMaterialUpdate":false,"showSkybox":true,"showFlares":true,"showImageEffects":true,"showParticleSystems":true},"in2DMode":false,"pivot":{"x":1.793652057647705,"y":-0.68487548828125,"z":-0.9520149230957031},"rotation":{"x":0.5283640027046204,"y":-0.4690002501010895,"z":0.5353901982307434,"w":0.46284735202789309},"size":9.47852897644043,"orthographic":true}