{"cameraMode":{"drawMode":0,"name":"Shaded","section":"Shading Mode"},"sceneLighting":false,"audioPlay":false,"sceneViewState":{"showFog":true,"showMaterialUpdate":false,"showSkybox":true,"showFlares":true,"showImageEffects":true,"showParticleSystems":true},"in2DMode":false,"pivot":{"x":0.0,"y":0.009365752339363099,"z":3.725290298461914e-9},"rotation":{"x":-0.2831766605377197,"y":-0.6477683782577515,"z":0.2830042839050293,"w":-0.6481633186340332},"size":5.483556270599365,"orthographic":false}