{"cameraMode":{"drawMode":0,"name":"Shaded","section":"Shading Mode"},"sceneLighting":false,"audioPlay":false,"sceneViewState":{"showFog":true,"showMaterialUpdate":false,"showSkybox":true,"showFlares":true,"showImageEffects":true,"showParticleSystems":true},"in2DMode":false,"pivot":{"x":-0.019999999552965165,"y":5.269999980926514,"z":0.0},"rotation":{"x":0.30291178822517397,"y":0.0941433310508728,"z":-0.030085206031799318,"w":0.9478799700737},"size":10.590437889099121,"orthographic":false}