{"cameraMode":{"drawMode":0,"name":"Shaded","section":"Shading Mode"},"sceneLighting":true,"audioPlay":false,"sceneViewState":{"showFog":true,"showMaterialUpdate":false,"showSkybox":true,"showFlares":true,"showImageEffects":true,"showParticleSystems":true},"in2DMode":false,"pivot":{"x":10.24747085571289,"y":3.314000129699707,"z":12.283611297607422},"rotation":{"x":-0.05650360882282257,"y":-0.27491530776023867,"z":0.016186147928237916,"w":-0.9596702456474304},"size":75.3481216430664,"orthographic":false}