{"cameraMode":{"drawMode":0,"name":"Shaded","section":"Shading Mode"},"sceneLighting":false,"audioPlay":false,"sceneViewState":{"showFog":true,"showMaterialUpdate":false,"showSkybox":true,"showFlares":true,"showImageEffects":true,"showParticleSystems":true},"in2DMode":false,"pivot":{"x":2.252483367919922,"y":-2.2072296142578127,"z":-1.7236944437026978},"rotation":{"x":-0.2831766605377197,"y":-0.6477683782577515,"z":0.2830042839050293,"w":-0.6481633186340332},"size":15.000386238098145,"orthographic":false}