{"cameraMode":{"drawMode":0,"name":"Shaded","section":"Shading Mode"},"sceneLighting":false,"audioPlay":false,"sceneViewState":{"showFog":true,"showMaterialUpdate":false,"showSkybox":true,"showFlares":true,"showImageEffects":true,"showParticleSystems":true},"in2DMode":false,"pivot":{"x":1.793652057647705,"y":-0.68487548828125,"z":-0.9520149230957031},"rotation":{"x":0.15416927635669709,"y":-0.6389409303665161,"z":0.1327812224626541,"w":0.7418595552444458},"size":9.47852897644043,"orthographic":false}