{"cameraMode":{"drawMode":0,"name":"Shaded","section":"Shading Mode"},"sceneLighting":false,"audioPlay":false,"sceneViewState":{"showFog":true,"showMaterialUpdate":false,"showSkybox":true,"showFlares":true,"showImageEffects":true,"showParticleSystems":true},"in2DMode":false,"pivot":{"x":-0.6335306167602539,"y":1.627852201461792,"z":3.5299999713897707},"rotation":{"x":0.2724713683128357,"y":-0.3330342471599579,"z":0.10116053372621536,"w":0.8970028758049011},"size":13.49600601196289,"orthographic":false}