{"cameraMode":{"drawMode":0,"name":"Shaded","section":"Shading Mode"},"sceneLighting":false,"audioPlay":false,"sceneViewState":{"showFog":true,"showMaterialUpdate":false,"showSkybox":true,"showFlares":true,"showImageEffects":true,"showParticleSystems":true},"in2DMode":false,"pivot":{"x":-0.2823483943939209,"y":0.5984622240066528,"z":0.06999999284744263},"rotation":{"x":0.07404357939958573,"y":-0.9241037964820862,"z":0.23291271924972535,"w":0.29377108812332156},"size":5.6952290534973148,"orthographic":false}