{"cameraMode":{"drawMode":0,"name":"Shaded","section":"Shading Mode"},"sceneLighting":false,"audioPlay":false,"sceneViewState":{"showFog":true,"showMaterialUpdate":false,"showSkybox":true,"showFlares":true,"showImageEffects":true,"showParticleSystems":true},"in2DMode":false,"pivot":{"x":-1.0012550354003907,"y":6.134754180908203,"z":-1.145079493522644},"rotation":{"x":-0.33969593048095705,"y":0.40715277194976809,"z":-0.16636471450328828,"w":-0.831358015537262},"size":9.921085357666016,"orthographic":true}