{"cameraMode":{"drawMode":0,"name":"Shaded","section":"Shading Mode"},"sceneLighting":false,"audioPlay":false,"sceneViewState":{"showFog":true,"showMaterialUpdate":false,"showSkybox":true,"showFlares":true,"showImageEffects":true,"showParticleSystems":true},"in2DMode":false,"pivot":{"x":26.75428009033203,"y":1.0891789197921754,"z":-9.719808578491211},"rotation":{"x":-0.17138753831386567,"y":-0.42042455077171328,"z":0.08120863884687424,"w":-0.8872849941253662},"size":9.879483222961426,"orthographic":false}