{"cameraMode":{"drawMode":0,"name":"Shaded","section":"Shading Mode"},"sceneLighting":false,"audioPlay":false,"sceneViewState":{"showFog":true,"showMaterialUpdate":false,"showSkybox":true,"showFlares":true,"showImageEffects":true,"showParticleSystems":true},"in2DMode":false,"pivot":{"x":34.709686279296878,"y":2.8567728996276857,"z":-9.843269348144532},"rotation":{"x":-0.007630633655935526,"y":-0.9906587600708008,"z":0.06249421462416649,"w":-0.12096087634563446},"size":5.398838996887207,"orthographic":false}