{"cameraMode":{"drawMode":0,"name":"Shaded","section":"Shading Mode"},"sceneLighting":false,"audioPlay":false,"sceneViewState":{"showFog":true,"showMaterialUpdate":false,"showSkybox":true,"showFlares":true,"showImageEffects":true,"showParticleSystems":true},"in2DMode":false,"pivot":{"x":-122.69999694824219,"y":0.0,"z":-49.599998474121097},"rotation":{"x":-0.002159396419301629,"y":0.6927477717399597,"z":-0.7211737632751465,"w":-0.002067934488877654},"size":19.238059997558595,"orthographic":true}