{"cameraMode":{"drawMode":0,"name":"Shaded","section":"Shading Mode"},"sceneLighting":false,"audioPlay":false,"sceneViewState":{"showFog":true,"showMaterialUpdate":false,"showSkybox":true,"showFlares":true,"showImageEffects":true,"showParticleSystems":true},"in2DMode":false,"pivot":{"x":11.65999984741211,"y":2.559999465942383,"z":13.510000228881836},"rotation":{"x":0.06385787576436997,"y":-0.7077712416648865,"z":0.06451288610696793,"w":0.7005856037139893},"size":100.02593231201172,"orthographic":false}